reffererID,firstName,lastName
,Hilary,Trump
,Bill,Key
,Donald,Clinton
,Donald,Clinton
,Hilary,Trump
,Amit,Oliver
,Lesley,Young
,Bill,Key
,John,English
,Bill,Key
,Ralph,Smith
,Bill,Key
,Lesley,Young
,Lesley,Young
,Linda,Moore
,Lesley,Young
,Bill,Key
,Lesley,Young
,Michael,Scott
,John,Richards
,Amit,Oliver
,Lesley,Young
,Ralph,Smith
,Michael,Scott
,Hilary,Trump
,Michael,Scott
,John,English
,Hilary,Trump
,Michael,Scott
,Linda,Moore
,Michael,Scott
,Hilary,Trump
,Ralph,Smith
,John,English
,Michael,Scott
,Lesley,Young
,Bill,Key
,Lesley,Young
,John,Richards
,Amit,Oliver
,John,English
,Lesley,Young
,Donald,Clinton
,Hilary,Trump
,Amit,Oliver
,Ralph,Smith
,Ralph,Smith
,Linda,Moore
,Hilary,Trump
,Lesley,Young
,Ralph,Smith
,Michael,Scott
,Amit,Oliver
,Hilary,Trump
,Ralph,Smith
,Donald,Clinton
,John,English
,Lesley,Young
,Lesley,Young
,John,English
,John,English
,Donald,Clinton
,Ralph,Smith
,John,Richards
,Amit,Oliver
,Michael,Scott
,John,English
,Donald,Clinton
,Linda,Moore
,Ralph,Smith
,Ralph,Smith
,Michael,Scott
,Michael,Scott
,John,Richards
,Ralph,Smith
,John,English
,Michael,Scott
,Donald,Clinton
,Donald,Clinton
,Linda,Moore
,John,Richards
,Michael,Scott
,Lesley,Young
,Linda,Moore
,Ralph,Smith
,Bill,Key
,Lesley,Young
,Michael,Scott
,Ralph,Smith
,Bill,Key
,John,Richards
,Ralph,Smith
,Hilary,Trump
,John,English
,Donald,Clinton
,Michael,Scott
,John,Richards
,Donald,Clinton
,John,English
,Hilary,Trump
